record_id,label,classifier,querier,balancer,feature_extractor,training_set,time,note,tags,user_id
0,0,,top_down,,,0,1750939063.1458092,,,
1,0,,top_down,,,1,1750939063.148891,,,
2,0,,top_down,,,2,1750939063.151386,,,
3,0,,top_down,,,3,1750939063.153107,,,
4,0,,top_down,,,4,1750939063.1549773,,,
5,0,,top_down,,,5,1750939063.1578214,,,
6,1,,top_down,,,6,1750939063.1601956,,,
552,1,svm,max,balanced,tfidf,7,1750939063.9162712,,,
160,0,svm,max,balanced,tfidf,8,1750939063.923681,,,
244,1,svm,max,balanced,tfidf,9,1750939063.9307952,,,
478,1,svm,max,balanced,tfidf,10,1750939063.9392622,,,
289,0,svm,max,balanced,tfidf,11,1750939063.9484463,,,
301,1,svm,max,balanced,tfidf,12,1750939063.9568563,,,
1068,1,svm,max,balanced,tfidf,13,1750939063.9657583,,,
65,0,svm,max,balanced,tfidf,14,1750939063.9731886,,,
659,1,svm,max,balanced,tfidf,15,1750939063.979812,,,
835,1,svm,max,balanced,tfidf,16,1750939063.9862456,,,
598,0,svm,max,balanced,tfidf,17,1750939063.9931738,,,
791,1,svm,max,balanced,tfidf,18,1750939063.9995735,,,
974,1,svm,max,balanced,tfidf,19,1750939064.0061822,,,
291,1,svm,max,balanced,tfidf,20,1750939064.0132265,,,
110,0,svm,max,balanced,tfidf,21,1750939064.0199378,,,
463,1,svm,max,balanced,tfidf,22,1750939064.0275335,,,
736,1,svm,max,balanced,tfidf,23,1750939064.034278,,,
1138,1,svm,max,balanced,tfidf,24,1750939064.0414333,,,
136,1,svm,max,balanced,tfidf,25,1750939064.0502584,,,
550,1,svm,max,balanced,tfidf,26,1750939064.0588193,,,
1074,0,svm,max,balanced,tfidf,27,1750939064.0676498,,,
290,1,svm,max,balanced,tfidf,28,1750939064.0753055,,,
89,0,svm,max,balanced,tfidf,29,1750939064.0820901,,,
858,1,svm,max,balanced,tfidf,30,1750939064.088866,,,
282,1,svm,max,balanced,tfidf,31,1750939064.0957396,,,
1120,1,svm,max,balanced,tfidf,32,1750939064.1024098,,,
680,0,svm,max,balanced,tfidf,33,1750939064.1090965,,,
854,1,svm,max,balanced,tfidf,34,1750939064.1161225,,,
30,1,svm,max,balanced,tfidf,35,1750939064.1228452,,,
1109,1,svm,max,balanced,tfidf,36,1750939064.1305075,,,
774,1,svm,max,balanced,tfidf,37,1750939064.1373045,,,
1159,1,svm,max,balanced,tfidf,38,1750939064.1452243,,,
394,1,svm,max,balanced,tfidf,39,1750939064.1540387,,,
1015,1,svm,max,balanced,tfidf,40,1750939064.1633468,,,
1172,0,svm,max,balanced,tfidf,41,1750939064.1731718,,,
1029,0,svm,max,balanced,tfidf,42,1750939064.1819842,,,
821,1,svm,max,balanced,tfidf,43,1750939064.1908274,,,
138,1,svm,max,balanced,tfidf,44,1750939064.2001896,,,
839,1,svm,max,balanced,tfidf,45,1750939064.2091658,,,
669,0,svm,max,balanced,tfidf,46,1750939064.2175868,,,
158,1,svm,max,balanced,tfidf,47,1750939064.2266355,,,
298,1,svm,max,balanced,tfidf,48,1750939064.2360358,,,
168,1,svm,max,balanced,tfidf,49,1750939064.2451289,,,
1049,1,svm,max,balanced,tfidf,50,1750939064.2545567,,,
184,1,svm,max,balanced,tfidf,51,1750939064.264434,,,
271,1,svm,max,balanced,tfidf,52,1750939064.2733808,,,
739,0,svm,max,balanced,tfidf,53,1750939064.2826014,,,
1035,0,svm,max,balanced,tfidf,54,1750939064.290613,,,
1047,0,svm,max,balanced,tfidf,55,1750939064.2982326,,,
916,1,svm,max,balanced,tfidf,56,1750939064.305912,,,
406,1,svm,max,balanced,tfidf,57,1750939064.3136284,,,
755,0,svm,max,balanced,tfidf,58,1750939064.3213503,,,
817,0,svm,max,balanced,tfidf,59,1750939064.3289642,,,
336,1,svm,max,balanced,tfidf,60,1750939064.3373246,,,
1021,1,svm,max,balanced,tfidf,61,1750939064.3453038,,,
675,1,svm,max,balanced,tfidf,62,1750939064.354532,,,
144,1,svm,max,balanced,tfidf,63,1750939064.3643436,,,
762,1,svm,max,balanced,tfidf,64,1750939064.373649,,,
392,0,svm,max,balanced,tfidf,65,1750939064.3831353,,,
1155,1,svm,max,balanced,tfidf,66,1750939064.3938184,,,
1011,1,svm,max,balanced,tfidf,67,1750939064.4024024,,,
605,0,svm,max,balanced,tfidf,68,1750939064.4100294,,,
674,0,svm,max,balanced,tfidf,69,1750939064.4175432,,,
604,1,svm,max,balanced,tfidf,70,1750939064.4249928,,,
272,0,svm,max,balanced,tfidf,71,1750939064.432759,,,
1100,1,svm,max,balanced,tfidf,72,1750939064.4409368,,,
813,1,svm,max,balanced,tfidf,73,1750939064.4485555,,,
790,0,svm,max,balanced,tfidf,74,1750939064.4583788,,,
504,1,svm,max,balanced,tfidf,75,1750939064.4676402,,,
1076,0,svm,max,balanced,tfidf,76,1750939064.4766617,,,
904,1,svm,max,balanced,tfidf,77,1750939064.4861672,,,
19,1,svm,max,balanced,tfidf,78,1750939064.4946718,,,
174,1,svm,max,balanced,tfidf,79,1750939064.5046687,,,
326,0,svm,max,balanced,tfidf,80,1750939064.5147104,,,
818,1,svm,max,balanced,tfidf,81,1750939064.5243664,,,
662,0,svm,max,balanced,tfidf,82,1750939064.5340595,,,
889,0,svm,max,balanced,tfidf,83,1750939064.5441868,,,
102,1,svm,max,balanced,tfidf,84,1750939064.5549283,,,
865,1,svm,max,balanced,tfidf,85,1750939064.564424,,,
786,0,svm,max,balanced,tfidf,86,1750939064.5741951,,,
1121,0,svm,max,balanced,tfidf,87,1750939064.5840926,,,
287,1,svm,max,balanced,tfidf,88,1750939064.5943663,,,
34,1,svm,max,balanced,tfidf,89,1750939064.6040127,,,
558,0,svm,max,balanced,tfidf,90,1750939064.611666,,,
753,1,svm,max,balanced,tfidf,91,1750939064.620617,,,
841,0,svm,max,balanced,tfidf,92,1750939064.6298118,,,
843,0,svm,max,balanced,tfidf,93,1750939064.637721,,,
209,0,svm,max,balanced,tfidf,94,1750939064.645398,,,
483,0,svm,max,balanced,tfidf,95,1750939064.652918,,,
1092,0,svm,max,balanced,tfidf,96,1750939064.6615386,,,
819,1,svm,max,balanced,tfidf,97,1750939064.670588,,,
824,0,svm,max,balanced,tfidf,98,1750939064.680114,,,
1087,1,svm,max,balanced,tfidf,99,1750939064.6883245,,,
462,1,svm,max,balanced,tfidf,100,1750939064.6974232,,,
524,0,svm,max,balanced,tfidf,101,1750939064.7073684,,,
162,1,svm,max,balanced,tfidf,102,1750939064.714566,,,
90,0,svm,max,balanced,tfidf,103,1750939064.7218761,,,
387,1,svm,max,balanced,tfidf,104,1750939064.7296371,,,
251,0,svm,max,balanced,tfidf,105,1750939064.7381842,,,
1112,0,svm,max,balanced,tfidf,106,1750939064.7470262,,,
772,0,svm,max,balanced,tfidf,107,1750939064.7566304,,,
702,0,svm,max,balanced,tfidf,108,1750939064.766271,,,
829,1,svm,max,balanced,tfidf,109,1750939064.7756763,,,
190,0,svm,max,balanced,tfidf,110,1750939064.7855365,,,
710,0,svm,max,balanced,tfidf,111,1750939064.7955222,,,
391,0,svm,max,balanced,tfidf,112,1750939064.8058221,,,
41,1,svm,max,balanced,tfidf,113,1750939064.8152983,,,
513,1,svm,max,balanced,tfidf,114,1750939064.8249714,,,
907,0,svm,max,balanced,tfidf,115,1750939064.8349674,,,
401,0,svm,max,balanced,tfidf,116,1750939064.8436923,,,
1128,0,svm,max,balanced,tfidf,117,1750939064.8519275,,,
978,0,svm,max,balanced,tfidf,118,1750939064.8594465,,,
809,0,svm,max,balanced,tfidf,119,1750939064.867403,,,
159,0,svm,max,balanced,tfidf,120,1750939064.876171,,,
252,0,svm,max,balanced,tfidf,121,1750939064.884773,,,
1154,0,svm,max,balanced,tfidf,122,1750939064.8932412,,,
337,0,svm,max,balanced,tfidf,123,1750939064.9034026,,,
899,0,svm,max,balanced,tfidf,124,1750939064.9136508,,,
1013,0,svm,max,balanced,tfidf,125,1750939064.9239511,,,
206,0,svm,max,balanced,tfidf,126,1750939064.9319606,,,
153,0,svm,max,balanced,tfidf,127,1750939064.9413962,,,
1095,1,svm,max,balanced,tfidf,128,1750939064.9491024,,,
1088,0,svm,max,balanced,tfidf,129,1750939064.9574234,,,
437,0,svm,max,balanced,tfidf,130,1750939064.9653673,,,
382,1,svm,max,balanced,tfidf,131,1750939064.9739435,,,
99,0,svm,max,balanced,tfidf,132,1750939064.9829016,,,
750,0,svm,max,balanced,tfidf,133,1750939064.9913857,,,
313,0,svm,max,balanced,tfidf,134,1750939065.0010748,,,
186,0,svm,max,balanced,tfidf,135,1750939065.01245,,,
253,1,svm,max,balanced,tfidf,136,1750939065.0223775,,,
214,1,svm,max,balanced,tfidf,137,1750939065.034095,,,
1086,0,svm,max,balanced,tfidf,138,1750939065.044607,,,
227,0,svm,max,balanced,tfidf,139,1750939065.0549946,,,
359,1,svm,max,balanced,tfidf,140,1750939065.064289,,,
402,0,svm,max,balanced,tfidf,141,1750939065.074848,,,
540,0,svm,max,balanced,tfidf,142,1750939065.085037,,,
968,0,svm,max,balanced,tfidf,143,1750939065.0956972,,,
1104,0,svm,max,balanced,tfidf,144,1750939065.1063135,,,
1030,0,svm,max,balanced,tfidf,145,1750939065.114897,,,
773,0,svm,max,balanced,tfidf,146,1750939065.123636,,,
265,0,svm,max,balanced,tfidf,147,1750939065.133072,,,
146,0,svm,max,balanced,tfidf,148,1750939065.1442566,,,
990,0,svm,max,balanced,tfidf,149,1750939065.153113,,,
711,0,svm,max,balanced,tfidf,150,1750939065.1614976,,,
940,0,svm,max,balanced,tfidf,151,1750939065.1696117,,,
596,0,svm,max,balanced,tfidf,152,1750939065.1778216,,,
7,0,svm,max,balanced,tfidf,153,1750939065.1860871,,,
15,0,svm,max,balanced,tfidf,154,1750939065.1942942,,,
977,0,svm,max,balanced,tfidf,155,1750939065.202858,,,
257,0,svm,max,balanced,tfidf,156,1750939065.2126083,,,
137,0,svm,max,balanced,tfidf,157,1750939065.222459,,,
1137,1,svm,max,balanced,tfidf,158,1750939065.2322364,,,
670,0,svm,max,balanced,tfidf,159,1750939065.2425203,,,
456,0,svm,max,balanced,tfidf,160,1750939065.2521324,,,
18,0,svm,max,balanced,tfidf,161,1750939065.2615795,,,
441,0,svm,max,balanced,tfidf,162,1750939065.2695425,,,
879,0,svm,max,balanced,tfidf,163,1750939065.2777812,,,
757,0,svm,max,balanced,tfidf,164,1750939065.2870524,,,
1106,0,svm,max,balanced,tfidf,165,1750939065.2961671,,,
94,0,svm,max,balanced,tfidf,166,1750939065.3071792,,,
671,0,svm,max,balanced,tfidf,167,1750939065.3185663,,,
193,0,svm,max,balanced,tfidf,168,1750939065.329817,,,
895,0,svm,max,balanced,tfidf,169,1750939065.340565,,,
1124,0,svm,max,balanced,tfidf,170,1750939065.3514204,,,
254,0,svm,max,balanced,tfidf,171,1750939065.3627594,,,
943,0,svm,max,balanced,tfidf,172,1750939065.3741386,,,
213,1,svm,max,balanced,tfidf,173,1750939065.3843348,,,
1062,1,svm,max,balanced,tfidf,174,1750939065.3955054,,,
167,0,svm,max,balanced,tfidf,175,1750939065.4041848,,,
1067,0,svm,max,balanced,tfidf,176,1750939065.412977,,,
553,0,svm,max,balanced,tfidf,177,1750939065.4214385,,,
16,0,svm,max,balanced,tfidf,178,1750939065.4307013,,,
932,1,svm,max,balanced,tfidf,179,1750939065.4416616,,,
14,0,svm,max,balanced,tfidf,180,1750939065.451656,,,
810,0,svm,max,balanced,tfidf,181,1750939065.4609668,,,
949,0,svm,max,balanced,tfidf,182,1750939065.4711382,,,
434,0,svm,max,balanced,tfidf,183,1750939065.4797335,,,
1115,0,svm,max,balanced,tfidf,184,1750939065.4878025,,,
808,0,svm,max,balanced,tfidf,185,1750939065.496296,,,
142,0,svm,max,balanced,tfidf,186,1750939065.5048466,,,
101,0,svm,max,balanced,tfidf,187,1750939065.5134916,,,
1036,0,svm,max,balanced,tfidf,188,1750939065.5216994,,,
1082,0,svm,max,balanced,tfidf,189,1750939065.5310524,,,
601,0,svm,max,balanced,tfidf,190,1750939065.5412495,,,
915,0,svm,max,balanced,tfidf,191,1750939065.551615,,,
104,1,svm,max,balanced,tfidf,192,1750939065.5619512,,,
709,0,svm,max,balanced,tfidf,193,1750939065.5719967,,,
423,0,svm,max,balanced,tfidf,194,1750939065.5812883,,,
728,0,svm,max,balanced,tfidf,195,1750939065.5899534,,,
1025,0,svm,max,balanced,tfidf,196,1750939065.598623,,,
1148,0,svm,max,balanced,tfidf,197,1750939065.607967,,,
613,0,svm,max,balanced,tfidf,198,1750939065.6167722,,,
217,1,svm,max,balanced,tfidf,199,1750939065.6252787,,,
1018,0,svm,max,balanced,tfidf,200,1750939065.63482,,,
52,0,svm,max,balanced,tfidf,201,1750939065.6435852,,,
1117,0,svm,max,balanced,tfidf,202,1750939065.6544328,,,
1168,0,svm,max,balanced,tfidf,203,1750939065.6664321,,,
381,0,svm,max,balanced,tfidf,204,1750939065.6754346,,,
133,0,svm,max,balanced,tfidf,205,1750939065.6845007,,,
901,0,svm,max,balanced,tfidf,206,1750939065.6932807,,,
386,0,svm,max,balanced,tfidf,207,1750939065.7020261,,,
583,0,svm,max,balanced,tfidf,208,1750939065.7107306,,,
853,0,svm,max,balanced,tfidf,209,1750939065.719946,,,
632,0,svm,max,balanced,tfidf,210,1750939065.7288625,,,
950,0,svm,max,balanced,tfidf,211,1750939065.738732,,,
531,0,svm,max,balanced,tfidf,212,1750939065.748046,,,
807,0,svm,max,balanced,tfidf,213,1750939065.7592227,,,
62,0,svm,max,balanced,tfidf,214,1750939065.7719426,,,
1156,0,svm,max,balanced,tfidf,215,1750939065.7832978,,,
838,0,svm,max,balanced,tfidf,216,1750939065.7925777,,,
1083,0,svm,max,balanced,tfidf,217,1750939065.8017142,,,
689,0,svm,max,balanced,tfidf,218,1750939065.8110914,,,
400,0,svm,max,balanced,tfidf,219,1750939065.8205142,,,
634,0,svm,max,balanced,tfidf,220,1750939065.8299313,,,
409,1,svm,max,balanced,tfidf,221,1750939065.8391268,,,
770,0,svm,max,balanced,tfidf,222,1750939065.8489895,,,
619,0,svm,max,balanced,tfidf,223,1750939065.8592021,,,
764,0,svm,max,balanced,tfidf,224,1750939065.871077,,,
793,0,svm,max,balanced,tfidf,225,1750939065.8835387,,,
802,0,svm,max,balanced,tfidf,226,1750939065.8936284,,,
274,0,svm,max,balanced,tfidf,227,1750939065.902721,,,
995,0,svm,max,balanced,tfidf,228,1750939065.911908,,,
626,0,svm,max,balanced,tfidf,229,1750939065.9223223,,,
578,0,svm,max,balanced,tfidf,230,1750939065.9321475,,,
758,1,svm,max,balanced,tfidf,231,1750939065.9436424,,,
935,0,svm,max,balanced,tfidf,232,1750939065.9547322,,,
1153,0,svm,max,balanced,tfidf,233,1750939065.9655173,,,
76,0,svm,max,balanced,tfidf,234,1750939065.9761767,,,
538,0,svm,max,balanced,tfidf,235,1750939065.9880197,,,
570,0,svm,max,balanced,tfidf,236,1750939066.0014887,,,
77,0,svm,max,balanced,tfidf,237,1750939066.0117474,,,
678,0,svm,max,balanced,tfidf,238,1750939066.020633,,,
393,0,svm,max,balanced,tfidf,239,1750939066.0297625,,,
722,0,svm,max,balanced,tfidf,240,1750939066.0393484,,,
528,0,svm,max,balanced,tfidf,241,1750939066.0490718,,,
587,0,svm,max,balanced,tfidf,242,1750939066.058326,,,
296,0,svm,max,balanced,tfidf,243,1750939066.0677004,,,
488,0,svm,max,balanced,tfidf,244,1750939066.0777483,,,
360,0,svm,max,balanced,tfidf,245,1750939066.0893395,,,
57,0,svm,max,balanced,tfidf,246,1750939066.100589,,,
333,0,svm,max,balanced,tfidf,247,1750939066.112162,,,
831,0,svm,max,balanced,tfidf,248,1750939066.1227057,,,
439,0,svm,max,balanced,tfidf,249,1750939066.1323724,,,
919,0,svm,max,balanced,tfidf,250,1750939066.1420147,,,
855,0,svm,max,balanced,tfidf,251,1750939066.1518092,,,
316,0,svm,max,balanced,tfidf,252,1750939066.1615028,,,
713,0,svm,max,balanced,tfidf,253,1750939066.1710098,,,
1037,0,svm,max,balanced,tfidf,254,1750939066.1806781,,,
912,0,svm,max,balanced,tfidf,255,1750939066.1916938,,,
649,0,svm,max,balanced,tfidf,256,1750939066.203361,,,
523,0,svm,max,balanced,tfidf,257,1750939066.216756,,,
1048,1,svm,max,balanced,tfidf,258,1750939066.228828,,,
954,1,svm,max,balanced,tfidf,259,1750939066.2387874,,,
795,1,svm,max,balanced,tfidf,260,1750939066.2493818,,,
690,0,svm,max,balanced,tfidf,261,1750939066.261274,,,
250,0,svm,max,balanced,tfidf,262,1750939066.271772,,,
88,0,svm,max,balanced,tfidf,263,1750939066.2818596,,,
646,0,svm,max,balanced,tfidf,264,1750939066.2920713,,,
127,0,svm,max,balanced,tfidf,265,1750939066.306612,,,
338,0,svm,max,balanced,tfidf,266,1750939066.3196554,,,
413,0,svm,max,balanced,tfidf,267,1750939066.3337636,,,
1055,1,svm,max,balanced,tfidf,268,1750939066.34812,,,
1070,1,svm,max,balanced,tfidf,269,1750939066.3619938,,,
73,0,svm,max,balanced,tfidf,270,1750939066.3756533,,,
293,0,svm,max,balanced,tfidf,271,1750939066.3890631,,,
425,0,svm,max,balanced,tfidf,272,1750939066.4016502,,,
655,0,svm,max,balanced,tfidf,273,1750939066.412186,,,
1017,0,svm,max,balanced,tfidf,274,1750939066.4217556,,,
1119,1,svm,max,balanced,tfidf,275,1750939066.4333243,,,
803,0,svm,max,balanced,tfidf,276,1750939066.445618,,,
330,0,svm,max,balanced,tfidf,277,1750939066.458835,,,
415,1,svm,max,balanced,tfidf,278,1750939066.4727788,,,
903,0,svm,max,balanced,tfidf,279,1750939066.4861064,,,
1116,0,svm,max,balanced,tfidf,280,1750939066.4997115,,,
75,0,svm,max,balanced,tfidf,281,1750939066.5131478,,,
909,0,svm,max,balanced,tfidf,282,1750939066.5259333,,,
182,0,svm,max,balanced,tfidf,283,1750939066.536587,,,
752,0,svm,max,balanced,tfidf,284,1750939066.5479336,,,
1073,0,svm,max,balanced,tfidf,285,1750939066.5597875,,,
1071,0,svm,max,balanced,tfidf,286,1750939066.5716765,,,
201,0,svm,max,balanced,tfidf,287,1750939066.5863347,,,
799,0,svm,max,balanced,tfidf,288,1750939066.6014733,,,
559,0,svm,max,balanced,tfidf,289,1750939066.6122437,,,
816,0,svm,max,balanced,tfidf,290,1750939066.6228275,,,
942,0,svm,max,balanced,tfidf,291,1750939066.6325917,,,
458,0,svm,max,balanced,tfidf,292,1750939066.643189,,,
59,0,svm,max,balanced,tfidf,293,1750939066.653907,,,
199,0,svm,max,balanced,tfidf,294,1750939066.6649845,,,
93,0,svm,max,balanced,tfidf,295,1750939066.67502,,,
663,0,svm,max,balanced,tfidf,296,1750939066.6880126,,,
581,0,svm,max,balanced,tfidf,297,1750939066.7027688,,,
620,0,svm,max,balanced,tfidf,298,1750939066.7151058,,,
983,0,svm,max,balanced,tfidf,299,1750939066.725675,,,
68,0,svm,max,balanced,tfidf,300,1750939066.7356863,,,
969,0,svm,max,balanced,tfidf,301,1750939066.7466063,,,
651,0,svm,max,balanced,tfidf,302,1750939066.758934,,,
988,0,svm,max,balanced,tfidf,303,1750939066.7731533,,,
556,1,svm,max,balanced,tfidf,304,1750939066.7883542,,,
248,0,svm,max,balanced,tfidf,305,1750939066.8014097,,,
436,0,svm,max,balanced,tfidf,306,1750939066.8144252,,,
928,0,svm,max,balanced,tfidf,307,1750939066.828281,,,
270,0,svm,max,balanced,tfidf,308,1750939066.8396032,,,
827,0,svm,max,balanced,tfidf,309,1750939066.8502953,,,
238,0,svm,max,balanced,tfidf,310,1750939066.8605247,,,
555,0,svm,max,balanced,tfidf,311,1750939066.870912,,,
365,0,svm,max,balanced,tfidf,312,1750939066.882515,,,
48,0,svm,max,balanced,tfidf,313,1750939066.893916,,,
543,0,svm,max,balanced,tfidf,314,1750939066.9060006,,,
165,0,svm,max,balanced,tfidf,315,1750939066.9192266,,,
1084,0,svm,max,balanced,tfidf,316,1750939066.9330735,,,
982,0,svm,max,balanced,tfidf,317,1750939066.944402,,,
881,0,svm,max,balanced,tfidf,318,1750939066.9549668,,,
585,1,svm,max,balanced,tfidf,319,1750939066.9658544,,,
741,1,svm,max,balanced,tfidf,320,1750939066.9769647,,,
1145,0,svm,max,balanced,tfidf,321,1750939066.9882874,,,
1052,0,svm,max,balanced,tfidf,322,1750939067.0001097,,,
120,0,svm,max,balanced,tfidf,323,1750939067.0138867,,,
469,0,svm,max,balanced,tfidf,324,1750939067.0277867,,,
1135,0,svm,max,balanced,tfidf,325,1750939067.0394232,,,
171,0,svm,max,balanced,tfidf,326,1750939067.050089,,,
951,0,svm,max,balanced,tfidf,327,1750939067.0606098,,,
468,0,svm,max,balanced,tfidf,328,1750939067.071749,,,
421,0,svm,max,balanced,tfidf,329,1750939067.0826132,,,
225,0,svm,max,balanced,tfidf,330,1750939067.0948727,,,
263,0,svm,max,balanced,tfidf,331,1750939067.1081443,,,
536,0,svm,max,balanced,tfidf,332,1750939067.1223404,,,
696,0,svm,max,balanced,tfidf,333,1750939067.137694,,,
195,0,svm,max,balanced,tfidf,334,1750939067.1540937,,,
1118,0,svm,max,balanced,tfidf,335,1750939067.1685581,,,
1031,0,svm,max,balanced,tfidf,336,1750939067.1812353,,,
811,0,svm,max,balanced,tfidf,337,1750939067.19519,,,
63,0,svm,max,balanced,tfidf,338,1750939067.2075331,,,
518,0,svm,max,balanced,tfidf,339,1750939067.219338,,,
205,0,svm,max,balanced,tfidf,340,1750939067.2313166,,,
876,0,svm,max,balanced,tfidf,341,1750939067.2458973,,,
37,0,svm,max,balanced,tfidf,342,1750939067.2598746,,,
46,0,svm,max,balanced,tfidf,343,1750939067.2711716,,,
927,0,svm,max,balanced,tfidf,344,1750939067.28217,,,
85,0,svm,max,balanced,tfidf,345,1750939067.2941012,,,
460,1,svm,max,balanced,tfidf,346,1750939067.305747,,,
494,0,svm,max,balanced,tfidf,347,1750939067.3198073,,,
185,0,svm,max,balanced,tfidf,348,1750939067.3328197,,,
112,0,svm,max,balanced,tfidf,349,1750939067.347438,,,
80,0,svm,max,balanced,tfidf,350,1750939067.3631146,,,
1114,0,svm,max,balanced,tfidf,351,1750939067.376738,,,
715,0,svm,max,balanced,tfidf,352,1750939067.3890033,,,
389,0,svm,max,balanced,tfidf,353,1750939067.4006624,,,
121,0,svm,max,balanced,tfidf,354,1750939067.413644,,,
166,0,svm,max,balanced,tfidf,355,1750939067.426941,,,
599,0,svm,max,balanced,tfidf,356,1750939067.4393234,,,
507,0,svm,max,balanced,tfidf,357,1750939067.4508052,,,
769,0,svm,max,balanced,tfidf,358,1750939067.464724,,,
627,0,svm,max,balanced,tfidf,359,1750939067.4808853,,,
325,0,svm,max,balanced,tfidf,360,1750939067.4945347,,,
959,0,svm,max,balanced,tfidf,361,1750939067.5064013,,,
955,0,svm,max,balanced,tfidf,362,1750939067.5181386,,,
351,0,svm,max,balanced,tfidf,363,1750939067.531877,,,
1111,0,svm,max,balanced,tfidf,364,1750939067.5448365,,,
422,1,svm,max,balanced,tfidf,365,1750939067.5577655,,,
339,0,svm,max,balanced,tfidf,366,1750939067.5696607,,,
789,0,svm,max,balanced,tfidf,367,1750939067.5847337,,,
486,0,svm,max,balanced,tfidf,368,1750939067.5991156,,,
1174,0,svm,max,balanced,tfidf,369,1750939067.6114202,,,
427,0,svm,max,balanced,tfidf,370,1750939067.622734,,,
435,1,svm,max,balanced,tfidf,371,1750939067.6349454,,,
246,0,svm,max,balanced,tfidf,372,1750939067.6481183,,,
1061,0,svm,max,balanced,tfidf,373,1750939067.6646154,,,
424,0,svm,max,balanced,tfidf,374,1750939067.6790848,,,
22,0,svm,max,balanced,tfidf,375,1750939067.692193,,,
1097,0,svm,max,balanced,tfidf,376,1750939067.70561,,,
445,0,svm,max,balanced,tfidf,377,1750939067.7183926,,,
149,0,svm,max,balanced,tfidf,378,1750939067.730176,,,
796,0,svm,max,balanced,tfidf,379,1750939067.7420125,,,
1064,0,svm,max,balanced,tfidf,380,1750939067.7538104,,,
877,0,svm,max,balanced,tfidf,381,1750939067.7663746,,,
1162,0,svm,max,balanced,tfidf,382,1750939067.780099,,,
117,0,svm,max,balanced,tfidf,383,1750939067.7967799,,,
403,0,svm,max,balanced,tfidf,384,1750939067.810625,,,
454,0,svm,max,balanced,tfidf,385,1750939067.822614,,,
920,0,svm,max,balanced,tfidf,386,1750939067.8343694,,,
98,0,svm,max,balanced,tfidf,387,1750939067.846591,,,
497,0,svm,max,balanced,tfidf,388,1750939067.858722,,,
765,0,svm,max,balanced,tfidf,389,1750939067.8716457,,,
554,0,svm,max,balanced,tfidf,390,1750939067.8854947,,,
1169,0,svm,max,balanced,tfidf,391,1750939067.9009676,,,
247,0,svm,max,balanced,tfidf,392,1750939067.9146063,,,
897,0,svm,max,balanced,tfidf,393,1750939067.9271352,,,
355,0,svm,max,balanced,tfidf,394,1750939067.9391003,,,
826,0,svm,max,balanced,tfidf,395,1750939067.9512908,,,
183,0,svm,max,balanced,tfidf,396,1750939067.9634552,,,
1072,0,svm,max,balanced,tfidf,397,1750939067.9770298,,,
668,0,svm,max,balanced,tfidf,398,1750939067.991445,,,
233,0,svm,max,balanced,tfidf,399,1750939068.007794,,,
210,0,svm,max,balanced,tfidf,400,1750939068.0204332,,,
50,0,svm,max,balanced,tfidf,401,1750939068.0324247,,,
192,0,svm,max,balanced,tfidf,402,1750939068.0457098,,,
508,0,svm,max,balanced,tfidf,403,1750939068.0580301,,,
344,0,svm,max,balanced,tfidf,404,1750939068.0704508,,,
373,0,svm,max,balanced,tfidf,405,1750939068.085556,,,
754,0,svm,max,balanced,tfidf,406,1750939068.1026103,,,
642,0,svm,max,balanced,tfidf,407,1750939068.1174333,,,
766,0,svm,max,balanced,tfidf,408,1750939068.129529,,,
442,0,svm,max,balanced,tfidf,409,1750939068.1416066,,,
108,0,svm,max,balanced,tfidf,410,1750939068.1544802,,,
450,0,svm,max,balanced,tfidf,411,1750939068.1671274,,,
602,0,svm,max,balanced,tfidf,412,1750939068.1795075,,,
464,0,svm,max,balanced,tfidf,413,1750939068.1934557,,,
562,0,svm,max,balanced,tfidf,414,1750939068.2097905,,,
823,0,svm,max,balanced,tfidf,415,1750939068.2264605,,,
744,0,svm,max,balanced,tfidf,416,1750939068.2395735,,,
161,0,svm,max,balanced,tfidf,417,1750939068.2519,,,
111,0,svm,max,balanced,tfidf,418,1750939068.265142,,,
501,0,svm,max,balanced,tfidf,419,1750939068.2776623,,,
1110,0,svm,max,balanced,tfidf,420,1750939068.2904909,,,
1150,1,svm,max,balanced,tfidf,421,1750939068.3036375,,,
547,0,svm,max,balanced,tfidf,422,1750939068.3164947,,,
349,0,svm,max,balanced,tfidf,423,1750939068.331205,,,
1026,0,svm,max,balanced,tfidf,424,1750939068.3499966,,,
1053,0,svm,max,balanced,tfidf,425,1750939068.3648686,,,
580,0,svm,max,balanced,tfidf,426,1750939068.3775096,,,
426,0,svm,max,balanced,tfidf,427,1750939068.3904822,,,
503,0,svm,max,balanced,tfidf,428,1750939068.4033256,,,
407,0,svm,max,balanced,tfidf,429,1750939068.4167702,,,
1165,0,svm,max,balanced,tfidf,430,1750939068.4333086,,,
561,0,svm,max,balanced,tfidf,431,1750939068.4496622,,,
302,0,svm,max,balanced,tfidf,432,1750939068.462777,,,
913,0,svm,max,balanced,tfidf,433,1750939068.475327,,,
551,0,svm,max,balanced,tfidf,434,1750939068.4893548,,,
500,0,svm,max,balanced,tfidf,435,1750939068.5016074,,,
118,0,svm,max,balanced,tfidf,436,1750939068.5142355,,,
991,0,svm,max,balanced,tfidf,437,1750939068.5277512,,,
459,0,svm,max,balanced,tfidf,438,1750939068.5452924,,,
1173,0,svm,max,balanced,tfidf,439,1750939068.561788,,,
74,0,svm,max,balanced,tfidf,440,1750939068.575021,,,
429,0,svm,max,balanced,tfidf,441,1750939068.5873477,,,
625,0,svm,max,balanced,tfidf,442,1750939068.6000168,,,
1016,0,svm,max,balanced,tfidf,443,1750939068.6133018,,,
695,0,svm,max,balanced,tfidf,444,1750939068.6264462,,,
692,0,svm,max,balanced,tfidf,445,1750939068.6416574,,,
150,0,svm,max,balanced,tfidf,446,1750939068.6588597,,,
79,0,svm,max,balanced,tfidf,447,1750939068.6749866,,,
1066,0,svm,max,balanced,tfidf,448,1750939068.6888723,,,
154,0,svm,max,balanced,tfidf,449,1750939068.7018838,,,
363,0,svm,max,balanced,tfidf,450,1750939068.7149186,,,
947,0,svm,max,balanced,tfidf,451,1750939068.7281501,,,
820,0,svm,max,balanced,tfidf,452,1750939068.7414775,,,
266,0,svm,max,balanced,tfidf,453,1750939068.755673,,,
804,0,svm,max,balanced,tfidf,454,1750939068.772462,,,
314,0,svm,max,balanced,tfidf,455,1750939068.7915125,,,
410,0,svm,max,balanced,tfidf,456,1750939068.8061476,,,
530,0,svm,max,balanced,tfidf,457,1750939068.820404,,,
590,0,svm,max,balanced,tfidf,458,1750939068.8341424,,,
666,0,svm,max,balanced,tfidf,459,1750939068.8472369,,,
131,0,svm,max,balanced,tfidf,460,1750939068.8607895,,,
221,0,svm,max,balanced,tfidf,461,1750939068.8748894,,,
135,0,svm,max,balanced,tfidf,462,1750939068.890507,,,
1123,0,svm,max,balanced,tfidf,463,1750939068.9077106,,,
10,0,svm,max,balanced,tfidf,464,1750939068.923129,,,
1020,0,svm,max,balanced,tfidf,465,1750939068.936587,,,
886,0,svm,max,balanced,tfidf,466,1750939068.9505856,,,
95,0,svm,max,balanced,tfidf,467,1750939068.9642208,,,
573,0,svm,max,balanced,tfidf,468,1750939068.9815235,,,
608,0,svm,max,balanced,tfidf,469,1750939069.000744,,,
1099,0,svm,max,balanced,tfidf,470,1750939069.0182898,,,
924,0,svm,max,balanced,tfidf,471,1750939069.0363982,,,
310,0,svm,max,balanced,tfidf,472,1750939069.0514739,,,
989,0,svm,max,balanced,tfidf,473,1750939069.0652616,,,
637,1,svm,max,balanced,tfidf,474,1750939069.0789833,,,
180,0,svm,max,balanced,tfidf,475,1750939069.0936117,,,
67,0,svm,max,balanced,tfidf,476,1750939069.112212,,,
35,0,svm,max,balanced,tfidf,477,1750939069.1305723,,,
25,1,svm,max,balanced,tfidf,478,1750939069.1449807,,,
28,0,svm,max,balanced,tfidf,479,1750939069.1587193,,,
71,0,svm,max,balanced,tfidf,480,1750939069.1723628,,,
259,0,svm,max,balanced,tfidf,481,1750939069.1858323,,,
842,0,svm,max,balanced,tfidf,482,1750939069.200192,,,
595,0,svm,max,balanced,tfidf,483,1750939069.2190347,,,
521,0,svm,max,balanced,tfidf,484,1750939069.2347867,,,
1157,0,svm,max,balanced,tfidf,485,1750939069.2508755,,,
1141,0,svm,max,balanced,tfidf,486,1750939069.265395,,,
40,0,svm,max,balanced,tfidf,487,1750939069.2803771,,,
1010,0,svm,max,balanced,tfidf,488,1750939069.2948878,,,
898,0,svm,max,balanced,tfidf,489,1750939069.3098192,,,
340,0,svm,max,balanced,tfidf,490,1750939069.3255072,,,
874,0,svm,max,balanced,tfidf,491,1750939069.3428771,,,
1032,0,svm,max,balanced,tfidf,492,1750939069.3631392,,,
660,0,svm,max,balanced,tfidf,493,1750939069.37887,,,
27,0,svm,max,balanced,tfidf,494,1750939069.3937933,,,
964,0,svm,max,balanced,tfidf,495,1750939069.4079208,,,
380,0,svm,max,balanced,tfidf,496,1750939069.4227133,,,
683,0,svm,max,balanced,tfidf,497,1750939069.4378903,,,
440,0,svm,max,balanced,tfidf,498,1750939069.4555016,,,
474,0,svm,max,balanced,tfidf,499,1750939069.4746678,,,
961,0,svm,max,balanced,tfidf,500,1750939069.4897788,,,
549,0,svm,max,balanced,tfidf,501,1750939069.5045013,,,
66,0,svm,max,balanced,tfidf,502,1750939069.519286,,,
1167,0,svm,max,balanced,tfidf,503,1750939069.533653,,,
622,0,svm,max,balanced,tfidf,504,1750939069.5502417,,,
42,0,svm,max,balanced,tfidf,505,1750939069.571551,,,
1129,0,svm,max,balanced,tfidf,506,1750939069.5880706,,,
189,0,svm,max,balanced,tfidf,507,1750939069.6026168,,,
737,0,svm,max,balanced,tfidf,508,1750939069.6178792,,,
96,0,svm,max,balanced,tfidf,509,1750939069.6324537,,,
241,0,svm,max,balanced,tfidf,510,1750939069.6470022,,,
688,0,svm,max,balanced,tfidf,511,1750939069.6645372,,,
548,0,svm,max,balanced,tfidf,512,1750939069.6841176,,,
1002,0,svm,max,balanced,tfidf,513,1750939069.7008274,,,
1024,0,svm,max,balanced,tfidf,514,1750939069.7160995,,,
656,0,svm,max,balanced,tfidf,515,1750939069.7319112,,,
157,0,svm,max,balanced,tfidf,516,1750939069.7480998,,,
502,0,svm,max,balanced,tfidf,517,1750939069.762473,,,
100,0,svm,max,balanced,tfidf,518,1750939069.7780852,,,
13,0,svm,max,balanced,tfidf,519,1750939069.795724,,,
537,0,svm,max,balanced,tfidf,520,1750939069.8136744,,,
686,0,svm,max,balanced,tfidf,521,1750939069.8314261,,,
635,0,svm,max,balanced,tfidf,522,1750939069.8475215,,,
420,0,svm,max,balanced,tfidf,523,1750939069.8635774,,,
873,0,svm,max,balanced,tfidf,524,1750939069.8792763,,,
572,0,svm,max,balanced,tfidf,525,1750939069.8951402,,,
491,0,svm,max,balanced,tfidf,526,1750939069.9146657,,,
539,0,svm,max,balanced,tfidf,527,1750939069.9359863,,,
661,0,svm,max,balanced,tfidf,528,1750939069.9514122,,,
697,0,svm,max,balanced,tfidf,529,1750939069.9691136,,,
419,0,svm,max,balanced,tfidf,530,1750939069.9852083,,,
122,0,svm,max,balanced,tfidf,531,1750939070.0008745,,,
923,0,svm,max,balanced,tfidf,532,1750939070.0171978,,,
319,0,svm,max,balanced,tfidf,533,1750939070.035765,,,
1050,0,svm,max,balanced,tfidf,534,1750939070.0544,,,
801,0,svm,max,balanced,tfidf,535,1750939070.07074,,,
778,0,svm,max,balanced,tfidf,536,1750939070.0900269,,,
1043,0,svm,max,balanced,tfidf,537,1750939070.110178,,,
584,0,svm,max,balanced,tfidf,538,1750939070.1292665,,,
243,0,svm,max,balanced,tfidf,539,1750939070.1478722,,,
237,0,svm,max,balanced,tfidf,540,1750939070.1671531,,,
367,0,svm,max,balanced,tfidf,541,1750939070.1861322,,,
519,0,svm,max,balanced,tfidf,542,1750939070.2022948,,,
1028,0,svm,max,balanced,tfidf,543,1750939070.2178364,,,
249,0,svm,max,balanced,tfidf,544,1750939070.2341514,,,
760,0,svm,max,balanced,tfidf,545,1750939070.251012,,,
652,0,svm,max,balanced,tfidf,546,1750939070.2731354,,,
852,0,svm,max,balanced,tfidf,547,1750939070.2908385,,,
930,0,svm,max,balanced,tfidf,548,1750939070.308056,,,
996,0,svm,max,balanced,tfidf,549,1750939070.324283,,,
1147,0,svm,max,balanced,tfidf,550,1750939070.339508,,,
1125,0,svm,max,balanced,tfidf,551,1750939070.3567915,,,
600,0,svm,max,balanced,tfidf,552,1750939070.376546,,,
1127,0,svm,max,balanced,tfidf,553,1750939070.3947175,,,
170,0,svm,max,balanced,tfidf,554,1750939070.4106243,,,
81,0,svm,max,balanced,tfidf,555,1750939070.4267821,,,
457,0,svm,max,balanced,tfidf,556,1750939070.4420671,,,
300,0,svm,max,balanced,tfidf,557,1750939070.4596174,,,
883,0,svm,max,balanced,tfidf,558,1750939070.4798255,,,
729,0,svm,max,balanced,tfidf,559,1750939070.4990544,,,
917,0,svm,max,balanced,tfidf,560,1750939070.5145721,,,
884,0,svm,max,balanced,tfidf,561,1750939070.5317879,,,
618,0,svm,max,balanced,tfidf,562,1750939070.5484593,,,
684,0,svm,max,balanced,tfidf,563,1750939070.565877,,,
707,0,svm,max,balanced,tfidf,564,1750939070.5877056,,,
748,0,svm,max,balanced,tfidf,565,1750939070.6050122,,,
782,0,svm,max,balanced,tfidf,566,1750939070.6210487,,,
516,0,svm,max,balanced,tfidf,567,1750939070.6370022,,,
447,0,svm,max,balanced,tfidf,568,1750939070.6530173,,,
1063,0,svm,max,balanced,tfidf,569,1750939070.670499,,,
941,0,svm,max,balanced,tfidf,570,1750939070.694069,,,
331,0,svm,max,balanced,tfidf,571,1750939070.7100866,,,
694,0,svm,max,balanced,tfidf,572,1750939070.725481,,,
682,0,svm,max,balanced,tfidf,573,1750939070.741587,,,
397,0,svm,max,balanced,tfidf,574,1750939070.7580829,,,
476,0,svm,max,balanced,tfidf,575,1750939070.7744186,,,
648,0,svm,max,balanced,tfidf,576,1750939070.7942843,,,
455,0,svm,max,balanced,tfidf,577,1750939070.8148303,,,
309,0,svm,max,balanced,tfidf,578,1750939070.831294,,,
730,0,svm,max,balanced,tfidf,579,1750939070.8476195,,,
191,0,svm,max,balanced,tfidf,580,1750939070.8638105,,,
673,0,svm,max,balanced,tfidf,581,1750939070.8808155,,,
196,0,svm,max,balanced,tfidf,582,1750939070.8994088,,,
129,0,svm,max,balanced,tfidf,583,1750939070.9208896,,,
567,0,svm,max,balanced,tfidf,584,1750939070.9379876,,,
145,0,svm,max,balanced,tfidf,585,1750939070.9546754,,,
223,0,svm,max,balanced,tfidf,586,1750939070.9716382,,,
485,0,svm,max,balanced,tfidf,587,1750939070.9911103,,,
944,0,svm,max,balanced,tfidf,588,1750939071.011155,,,
329,0,svm,max,balanced,tfidf,589,1750939071.0305455,,,
761,0,svm,max,balanced,tfidf,590,1750939071.0471883,,,
984,0,svm,max,balanced,tfidf,591,1750939071.064287,,,
594,0,svm,max,balanced,tfidf,592,1750939071.0832129,,,
577,0,svm,max,balanced,tfidf,593,1750939071.101939,,,
1046,0,svm,max,balanced,tfidf,594,1750939071.1215575,,,
938,0,svm,max,balanced,tfidf,595,1750939071.1448371,,,
783,0,svm,max,balanced,tfidf,596,1750939071.1643445,,,
720,0,svm,max,balanced,tfidf,597,1750939071.183439,,,
106,0,svm,max,balanced,tfidf,598,1750939071.200434,,,
650,0,svm,max,balanced,tfidf,599,1750939071.2184613,,,
78,0,svm,max,balanced,tfidf,600,1750939071.2405987,,,
91,0,svm,max,balanced,tfidf,601,1750939071.2605271,,,
299,0,svm,max,balanced,tfidf,602,1750939071.278172,,,
644,0,svm,max,balanced,tfidf,603,1750939071.2952664,,,
921,0,svm,max,balanced,tfidf,604,1750939071.3123882,,,
891,0,svm,max,balanced,tfidf,605,1750939071.3302531,,,
643,0,svm,max,balanced,tfidf,606,1750939071.3528788,,,
24,0,svm,max,balanced,tfidf,607,1750939071.3725715,,,
517,0,svm,max,balanced,tfidf,608,1750939071.389708,,,
466,0,svm,max,balanced,tfidf,609,1750939071.4061399,,,
623,0,svm,max,balanced,tfidf,610,1750939071.42347,,,
840,0,svm,max,balanced,tfidf,611,1750939071.4432468,,,
735,0,svm,max,balanced,tfidf,612,1750939071.470591,,,
866,0,svm,max,balanced,tfidf,613,1750939071.4893548,,,
1098,0,svm,max,balanced,tfidf,614,1750939071.5057914,,,
727,0,svm,max,balanced,tfidf,615,1750939071.5221176,,,
847,0,svm,max,balanced,tfidf,616,1750939071.5400822,,,
894,0,svm,max,balanced,tfidf,617,1750939071.5597882,,,
361,0,svm,max,balanced,tfidf,618,1750939071.5839982,,,
893,0,svm,max,balanced,tfidf,619,1750939071.6018412,,,
918,0,svm,max,balanced,tfidf,620,1750939071.6190188,,,
723,0,svm,max,balanced,tfidf,621,1750939071.6356966,,,
200,0,svm,max,balanced,tfidf,622,1750939071.6529965,,,
805,0,svm,max,balanced,tfidf,623,1750939071.6719723,,,
953,0,svm,max,balanced,tfidf,624,1750939071.6939147,,,
411,0,svm,max,balanced,tfidf,625,1750939071.7157817,,,
1171,0,svm,max,balanced,tfidf,626,1750939071.7335882,,,
908,0,svm,max,balanced,tfidf,627,1750939071.7513258,,,
592,0,svm,max,balanced,tfidf,628,1750939071.7685838,,,
179,0,svm,max,balanced,tfidf,629,1750939071.7872093,,,
636,0,svm,max,balanced,tfidf,630,1750939071.8109043,,,
208,0,svm,max,balanced,tfidf,631,1750939071.83228,,,
103,0,svm,max,balanced,tfidf,632,1750939071.850167,,,
261,0,svm,max,balanced,tfidf,633,1750939071.8670435,,,
64,0,svm,max,balanced,tfidf,634,1750939071.884137,,,
860,0,svm,max,balanced,tfidf,635,1750939071.902538,,,
691,0,svm,max,balanced,tfidf,636,1750939071.926536,,,
430,0,svm,max,balanced,tfidf,637,1750939071.9453638,,,
532,0,svm,max,balanced,tfidf,638,1750939071.9635932,,,
352,0,svm,max,balanced,tfidf,639,1750939071.9822845,,,
21,0,svm,max,balanced,tfidf,640,1750939072.0000553,,,
345,0,svm,max,balanced,tfidf,641,1750939072.0184534,,,
370,0,svm,max,balanced,tfidf,642,1750939072.039638,,,
525,0,svm,max,balanced,tfidf,643,1750939072.0618117,,,
725,0,svm,max,balanced,tfidf,644,1750939072.0795405,,,
956,0,svm,max,balanced,tfidf,645,1750939072.0974417,,,
378,0,svm,max,balanced,tfidf,646,1750939072.115964,,,
970,0,svm,max,balanced,tfidf,647,1750939072.1341808,,,
510,0,svm,max,balanced,tfidf,648,1750939072.1600301,,,
115,0,svm,max,balanced,tfidf,649,1750939072.1800187,,,
844,0,svm,max,balanced,tfidf,650,1750939072.1984391,,,
700,0,svm,max,balanced,tfidf,651,1750939072.216582,,,
845,0,svm,max,balanced,tfidf,652,1750939072.2344651,,,
533,0,svm,max,balanced,tfidf,653,1750939072.2550063,,,
638,0,svm,max,balanced,tfidf,654,1750939072.280357,,,
58,0,svm,max,balanced,tfidf,655,1750939072.2985623,,,
527,0,svm,max,balanced,tfidf,656,1750939072.3183064,,,
232,0,svm,max,balanced,tfidf,657,1750939072.336373,,,
375,0,svm,max,balanced,tfidf,658,1750939072.3549862,,,
647,0,svm,max,balanced,tfidf,659,1750939072.3764048,,,
542,0,svm,max,balanced,tfidf,660,1750939072.3996446,,,
731,0,svm,max,balanced,tfidf,661,1750939072.420039,,,
1069,0,svm,max,balanced,tfidf,662,1750939072.4381528,,,
61,0,svm,max,balanced,tfidf,663,1750939072.4568944,,,
212,0,svm,max,balanced,tfidf,664,1750939072.4756355,,,
97,0,svm,max,balanced,tfidf,665,1750939072.4957585,,,
362,0,svm,max,balanced,tfidf,666,1750939072.521056,,,
534,0,svm,max,balanced,tfidf,667,1750939072.5401165,,,
245,0,svm,max,balanced,tfidf,668,1750939072.5584831,,,
905,0,svm,max,balanced,tfidf,669,1750939072.5779693,,,
987,0,svm,max,balanced,tfidf,670,1750939072.5963387,,,
222,0,svm,max,balanced,tfidf,671,1750939072.6155124,,,
395,0,svm,max,balanced,tfidf,672,1750939072.6409419,,,
664,0,svm,max,balanced,tfidf,673,1750939072.661193,,,
825,0,svm,max,balanced,tfidf,674,1750939072.680202,,,
746,0,svm,max,balanced,tfidf,675,1750939072.699407,,,
109,0,svm,max,balanced,tfidf,676,1750939072.7183604,,,
1151,0,svm,max,balanced,tfidf,677,1750939072.738119,,,
372,0,svm,max,balanced,tfidf,678,1750939072.7647073,,,
1044,0,svm,max,balanced,tfidf,679,1750939072.7839158,,,
490,0,svm,max,balanced,tfidf,680,1750939072.8026855,,,
44,0,svm,max,balanced,tfidf,681,1750939072.821919,,,
197,0,svm,max,balanced,tfidf,682,1750939072.8415878,,,
390,0,svm,max,balanced,tfidf,683,1750939072.8631094,,,
211,0,svm,max,balanced,tfidf,684,1750939072.8834484,,,
114,0,svm,max,balanced,tfidf,685,1750939072.9054434,,,
1000,0,svm,max,balanced,tfidf,686,1750939072.9246602,,,
535,0,svm,max,balanced,tfidf,687,1750939072.9434662,,,
148,0,svm,max,balanced,tfidf,688,1750939072.9660733,,,
645,0,svm,max,balanced,tfidf,689,1750939072.9888394,,,
743,0,svm,max,balanced,tfidf,690,1750939073.0130496,,,
164,0,svm,max,balanced,tfidf,691,1750939073.0316865,,,
1136,0,svm,max,balanced,tfidf,692,1750939073.0513096,,,
963,0,svm,max,balanced,tfidf,693,1750939073.0745034,,,
128,0,svm,max,balanced,tfidf,694,1750939073.0982792,,,
1144,0,svm,max,balanced,tfidf,695,1750939073.1183827,,,
1107,0,svm,max,balanced,tfidf,696,1750939073.1372855,,,
278,0,svm,max,balanced,tfidf,697,1750939073.1566405,,,
1080,0,svm,max,balanced,tfidf,698,1750939073.1764905,,,
1027,0,svm,max,balanced,tfidf,699,1750939073.2024093,,,
350,0,svm,max,balanced,tfidf,700,1750939073.2228193,,,
371,0,svm,max,balanced,tfidf,701,1750939073.2418861,,,
273,0,svm,max,balanced,tfidf,702,1750939073.2613175,,,
1161,0,svm,max,balanced,tfidf,703,1750939073.2850964,,,
717,0,svm,max,balanced,tfidf,704,1750939073.3124526,,,
1003,0,svm,max,balanced,tfidf,705,1750939073.3321455,,,
418,0,svm,max,balanced,tfidf,706,1750939073.3517866,,,
937,0,svm,max,balanced,tfidf,707,1750939073.3716512,,,
958,0,svm,max,balanced,tfidf,708,1750939073.3947756,,,
1089,0,svm,max,balanced,tfidf,709,1750939073.4200604,,,
965,0,svm,max,balanced,tfidf,710,1750939073.4407787,,,
335,0,svm,max,balanced,tfidf,711,1750939073.4604366,,,
116,0,svm,max,balanced,tfidf,712,1750939073.4801197,,,
32,0,svm,max,balanced,tfidf,713,1750939073.500577,,,
1004,0,svm,max,balanced,tfidf,714,1750939073.5297186,,,
1140,0,svm,max,balanced,tfidf,715,1750939073.5513322,,,
685,0,svm,max,balanced,tfidf,716,1750939073.5703857,,,
1149,0,svm,max,balanced,tfidf,717,1750939073.590164,,,
56,0,svm,max,balanced,tfidf,718,1750939073.6118937,,,
848,0,svm,max,balanced,tfidf,719,1750939073.639129,,,
342,0,svm,max,balanced,tfidf,720,1750939073.6597345,,,
1005,0,svm,max,balanced,tfidf,721,1750939073.6790195,,,
398,0,svm,max,balanced,tfidf,722,1750939073.6984577,,,
404,0,svm,max,balanced,tfidf,723,1750939073.7181232,,,
822,0,svm,max,balanced,tfidf,724,1750939073.7438216,,,
176,0,svm,max,balanced,tfidf,725,1750939073.7652519,,,
1090,0,svm,max,balanced,tfidf,726,1750939073.7857118,,,
328,0,svm,max,balanced,tfidf,727,1750939073.8061683,,,
776,0,svm,max,balanced,tfidf,728,1750939073.8288481,,,
973,0,svm,max,balanced,tfidf,729,1750939073.8541756,,,
305,0,svm,max,balanced,tfidf,730,1750939073.8768146,,,
875,0,svm,max,balanced,tfidf,731,1750939073.8961802,,,
861,0,svm,max,balanced,tfidf,732,1750939073.9161499,,,
399,0,svm,max,balanced,tfidf,733,1750939073.93867,,,
383,0,svm,max,balanced,tfidf,734,1750939073.964854,,,
216,0,svm,max,balanced,tfidf,735,1750939073.985237,,,
303,0,svm,max,balanced,tfidf,736,1750939074.0061371,,,
616,0,svm,max,balanced,tfidf,737,1750939074.0257862,,,
242,0,svm,max,balanced,tfidf,738,1750939074.0469167,,,
369,0,svm,max,balanced,tfidf,739,1750939074.076516,,,
267,0,svm,max,balanced,tfidf,740,1750939074.0967443,,,
962,0,svm,max,balanced,tfidf,741,1750939074.1164608,,,
514,0,svm,max,balanced,tfidf,742,1750939074.1360226,,,
698,0,svm,max,balanced,tfidf,743,1750939074.158489,,,
582,0,svm,max,balanced,tfidf,744,1750939074.1868029,,,
672,0,svm,max,balanced,tfidf,745,1750939074.2072814,,,
495,0,svm,max,balanced,tfidf,746,1750939074.22785,,,
771,0,svm,max,balanced,tfidf,747,1750939074.247576,,,
8,0,svm,max,balanced,tfidf,748,1750939074.2684605,,,
997,0,svm,max,balanced,tfidf,749,1750939074.297588,,,
470,0,svm,max,balanced,tfidf,750,1750939074.318532,,,
1051,0,svm,max,balanced,tfidf,751,1750939074.3383849,,,
777,0,svm,max,balanced,tfidf,752,1750939074.3593066,,,
123,0,svm,max,balanced,tfidf,753,1750939074.3810575,,,
327,0,svm,max,balanced,tfidf,754,1750939074.4096599,,,
975,0,svm,max,balanced,tfidf,755,1750939074.4299986,,,
657,0,svm,max,balanced,tfidf,756,1750939074.450588,,,
140,0,svm,max,balanced,tfidf,757,1750939074.4704103,,,
568,0,svm,max,balanced,tfidf,758,1750939074.4935904,,,
640,0,svm,max,balanced,tfidf,759,1750939074.5230918,,,
732,0,svm,max,balanced,tfidf,760,1750939074.5440447,,,
621,0,svm,max,balanced,tfidf,761,1750939074.5639648,,,
704,0,svm,max,balanced,tfidf,762,1750939074.5848525,,,
36,0,svm,max,balanced,tfidf,763,1750939074.6071832,,,
280,0,svm,max,balanced,tfidf,764,1750939074.6336992,,,
304,0,svm,max,balanced,tfidf,765,1750939074.6546767,,,
512,0,svm,max,balanced,tfidf,766,1750939074.6750169,,,
70,0,svm,max,balanced,tfidf,767,1750939074.6958287,,,
1101,0,svm,max,balanced,tfidf,768,1750939074.718097,,,
986,0,svm,max,balanced,tfidf,769,1750939074.7478888,,,
945,0,svm,max,balanced,tfidf,770,1750939074.768062,,,
1057,0,svm,max,balanced,tfidf,771,1750939074.7895439,,,
493,0,svm,max,balanced,tfidf,772,1750939074.8117642,,,
1158,0,svm,max,balanced,tfidf,773,1750939074.8382154,,,
321,0,svm,max,balanced,tfidf,774,1750939074.8674827,,,
11,0,svm,max,balanced,tfidf,775,1750939074.88833,,,
906,0,svm,max,balanced,tfidf,776,1750939074.9096253,,,
1093,0,svm,max,balanced,tfidf,777,1750939074.9306061,,,
520,0,svm,max,balanced,tfidf,778,1750939074.95858,,,
593,0,svm,max,balanced,tfidf,779,1750939074.983713,,,
631,0,svm,max,balanced,tfidf,780,1750939075.0045996,,,
864,0,svm,max,balanced,tfidf,781,1750939075.026738,,,
653,0,svm,max,balanced,tfidf,782,1750939075.047043,,,
564,0,svm,max,balanced,tfidf,783,1750939075.0719364,,,
677,0,svm,max,balanced,tfidf,784,1750939075.0975456,,,
1152,0,svm,max,balanced,tfidf,785,1750939075.117947,,,
312,0,svm,max,balanced,tfidf,786,1750939075.140646,,,
84,0,svm,max,balanced,tfidf,787,1750939075.1609025,,,
224,0,svm,max,balanced,tfidf,788,1750939075.1822495,,,
911,0,svm,max,balanced,tfidf,789,1750939075.2086234,,,
597,0,svm,max,balanced,tfidf,790,1750939075.2333848,,,
177,0,svm,max,balanced,tfidf,791,1750939075.2543058,,,
341,0,svm,max,balanced,tfidf,792,1750939075.27491,,,
1008,0,svm,max,balanced,tfidf,793,1750939075.3000083,,,
354,0,svm,max,balanced,tfidf,794,1750939075.331295,,,
163,0,svm,max,balanced,tfidf,795,1750939075.3576295,,,
863,0,svm,max,balanced,tfidf,796,1750939075.3869534,,,
356,0,svm,max,balanced,tfidf,797,1750939075.4131875,,,
1122,0,svm,max,balanced,tfidf,798,1750939075.4410412,,,
465,0,svm,max,balanced,tfidf,799,1750939075.4722624,,,
589,0,svm,max,balanced,tfidf,800,1750939075.5059893,,,
134,0,svm,max,balanced,tfidf,801,1750939075.5371783,,,
836,0,svm,max,balanced,tfidf,802,1750939075.564438,,,
366,0,svm,max,balanced,tfidf,803,1750939075.5868363,,,
141,0,svm,max,balanced,tfidf,804,1750939075.6168742,,,
870,0,svm,max,balanced,tfidf,805,1750939075.6492662,,,
1096,0,svm,max,balanced,tfidf,806,1750939075.680167,,,
798,0,svm,max,balanced,tfidf,807,1750939075.7113864,,,
569,0,svm,max,balanced,tfidf,808,1750939075.743098,,,
1126,0,svm,max,balanced,tfidf,809,1750939075.765052,,,
630,0,svm,max,balanced,tfidf,810,1750939075.7861989,,,
1054,0,svm,max,balanced,tfidf,811,1750939075.8094435,,,
871,0,svm,max,balanced,tfidf,812,1750939075.8370752,,,
492,0,svm,max,balanced,tfidf,813,1750939075.8603501,,,
1079,0,svm,max,balanced,tfidf,814,1750939075.882405,,,
506,0,svm,max,balanced,tfidf,815,1750939075.9089262,,,
775,0,svm,max,balanced,tfidf,816,1750939075.9379885,,,
139,0,svm,max,balanced,tfidf,817,1750939075.966616,,,
315,0,svm,max,balanced,tfidf,818,1750939075.99313,,,
575,0,svm,max,balanced,tfidf,819,1750939076.0160787,,,
258,0,svm,max,balanced,tfidf,820,1750939076.0384378,,,
286,0,svm,max,balanced,tfidf,821,1750939076.066783,,,
181,0,svm,max,balanced,tfidf,822,1750939076.0892515,,,
509,0,svm,max,balanced,tfidf,823,1750939076.1101694,,,
515,0,svm,max,balanced,tfidf,824,1750939076.1314828,,,
348,0,svm,max,balanced,tfidf,825,1750939076.154293,,,
714,0,svm,max,balanced,tfidf,826,1750939076.1859658,,,
914,0,svm,max,balanced,tfidf,827,1750939076.2091486,,,
1108,0,svm,max,balanced,tfidf,828,1750939076.232371,,,
416,0,svm,max,balanced,tfidf,829,1750939076.2563276,,,
453,0,svm,max,balanced,tfidf,830,1750939076.2893019,,,
467,0,svm,max,balanced,tfidf,831,1750939076.3143504,,,
837,0,svm,max,balanced,tfidf,832,1750939076.3436391,,,
1085,0,svm,max,balanced,tfidf,833,1750939076.3778782,,,
260,0,svm,max,balanced,tfidf,834,1750939076.4121132,,,
1009,0,svm,max,balanced,tfidf,835,1750939076.4439905,,,
925,0,svm,max,balanced,tfidf,836,1750939076.4780743,,,
1102,0,svm,max,balanced,tfidf,837,1750939076.5113163,,,
522,0,svm,max,balanced,tfidf,838,1750939076.5462105,,,
1105,0,svm,max,balanced,tfidf,839,1750939076.5962377,,,
376,0,svm,max,balanced,tfidf,840,1750939076.6383467,,,
603,0,svm,max,balanced,tfidf,841,1750939076.679367,,,
718,0,svm,max,balanced,tfidf,842,1750939076.7127364,,,
323,0,svm,max,balanced,tfidf,843,1750939076.7401438,,,
781,0,svm,max,balanced,tfidf,844,1750939076.782054,,,
461,0,svm,max,balanced,tfidf,845,1750939076.8079472,,,
156,0,svm,max,balanced,tfidf,846,1750939076.8368196,,,
235,0,svm,max,balanced,tfidf,847,1750939076.8604324,,,
763,0,svm,max,balanced,tfidf,848,1750939076.8839092,,,
412,0,svm,max,balanced,tfidf,849,1750939076.9103038,,,
505,0,svm,max,balanced,tfidf,850,1750939076.9396842,,,
734,0,svm,max,balanced,tfidf,851,1750939076.96266,,,
628,0,svm,max,balanced,tfidf,852,1750939076.9845,,,
971,0,svm,max,balanced,tfidf,853,1750939077.0154464,,,
806,0,svm,max,balanced,tfidf,854,1750939077.0440924,,,
747,0,svm,max,balanced,tfidf,855,1750939077.06731,,,
1160,0,svm,max,balanced,tfidf,856,1750939077.0900748,,,
681,0,svm,max,balanced,tfidf,857,1750939077.1181014,,,
51,0,svm,max,balanced,tfidf,858,1750939077.145931,,,
20,0,svm,max,balanced,tfidf,859,1750939077.169635,,,
742,0,svm,max,balanced,tfidf,860,1750939077.193615,,,
830,0,svm,max,balanced,tfidf,861,1750939077.2190518,,,
654,0,svm,max,balanced,tfidf,862,1750939077.2485912,,,
724,0,svm,max,balanced,tfidf,863,1750939077.270924,,,
55,0,svm,max,balanced,tfidf,864,1750939077.2933905,,,
1023,0,svm,max,balanced,tfidf,865,1750939077.3164594,,,
239,0,svm,max,balanced,tfidf,866,1750939077.3411086,,,
939,0,svm,max,balanced,tfidf,867,1750939077.3715851,,,
785,0,svm,max,balanced,tfidf,868,1750939077.395091,,,
1130,0,svm,max,balanced,tfidf,869,1750939077.4193547,,,
1065,0,svm,max,balanced,tfidf,870,1750939077.444888,,,
609,0,svm,max,balanced,tfidf,871,1750939077.4756358,,,
526,0,svm,max,balanced,tfidf,872,1750939077.5021963,,,
1039,0,svm,max,balanced,tfidf,873,1750939077.523864,,,
480,0,svm,max,balanced,tfidf,874,1750939077.5481308,,,
1014,0,svm,max,balanced,tfidf,875,1750939077.577583,,,
639,0,svm,max,balanced,tfidf,876,1750939077.6023757,,,
834,0,svm,max,balanced,tfidf,877,1750939077.627436,,,
268,0,svm,max,balanced,tfidf,878,1750939077.6562996,,,
1006,0,svm,max,balanced,tfidf,879,1750939077.684993,,,
712,0,svm,max,balanced,tfidf,880,1750939077.7094085,,,
87,0,svm,max,balanced,tfidf,881,1750939077.733394,,,
414,1,svm,max,balanced,tfidf,882,1750939077.7585125,,,
